Adam,Male
Umair,Male
Ahsan,Male
Ayesha,Female
Awais,Male
Minahil,Female
Amna,Female
Anna,Female
Fred,Female
Saim,Male
Hammad,Male
Jannat,Female
Aneeka,Female
Razia,Female
Ali,Male
Sarah,Female
Ahmed,Male
Fatima,Female
Hassan,Male
Zara,Female
Bilal,Male
Hina,Female
Imran,Male
Mariam,Female
Hamza,Male
Nida,Female
Farhan,Male
Aisha,Female
Usman,Male
Samina,Female
Asad,Male
Maham,Female
Waqas,Male
Sadia,Female
Arslan,Male
Sonia,Female
Talha,Male
Lubna,Female
Raheel,Male
Saba,Female
Yasir,Male
Kainat,Female
Shahid,Male
Saima,Female
Noman,Male
Kiran,Female
Saad,Male
Nadia,Female
Waqar,Male
Nabeela,Female
Kashif,Male
Amina,Female
Waseem,Male
Aqsa,Female
Arif,Male
Shazia,Female
Imran,Male
Aaliya,Female
Kamran,Male
Iqra,Female
Salman,Male
Rukhsar,Female
Fahad,Male
Saira,Female
Zeeshan,Male
Farhana,Female
Asif,Male
Sidra,Female
Faraz,Male
Maria,Female
Faisal,Male
Gulnaz,Female
Tariq,Male
Shagufta,Female
Junaid,Male
Farah,Female
Yasir,Male
Sehrish,Female
Rauf,Male
Sahar,Female
Ali,Male
Tabassum,Female
Arshad,Male
